 <Module>
     <Name value="Love/Hate Mod"/>
     <Id value="WSLHMod"/>
     <Version value="v1.1.5"/>
     <SingleplayerModule value="true"/>
     <MultiplayerModule value="false"/>
     <DependedModules>
         <DependedModule Id="Native"/>
         <DependedModule Id="SandBoxCore"/>
         <DependedModule Id="Sandbox"/>
         <DependedModule Id="CustomBattle"/>
         <DependedModule Id="StoryMode" />
     </DependedModules>
     <SubModules>
         <SubModule>
             <Name value="WSLHMod"/>
             <DLLName value="WSLHMod.dll"/>
             <SubModuleClassType value="WSLHMod.MySubModule"/>
             <Tags>
                 <Tag key="DedicatedServerType" value="none" />
                 <Tag key="IsNoRenderModeElement" value="false" />
             </Tags>
         </SubModule>
     </SubModules>
     <Xmls/>
 </Module>